<?xml version="1.0" encoding="UTF-8"?>
<project-private xmlns="http://www.netbeans.org/ns/project-private/1">
    <editor-bookmarks xmlns="http://www.netbeans.org/ns/editor-bookmarks/2" lastBookmarkId="0"/>
    <open-files xmlns="http://www.netbeans.org/ns/projectui-open-files/2">
        <group>
            <file>file:/C:/wamp/www/debono-git/admin/template/trainingPackages.html</file>
            <file>file:/C:/wamp/www/debono-git/globals.php</file>
            <file>file:/C:/wamp/www/debono-git/admin/trainingPackages.php</file>
            <file>file:/C:/wamp/www/debono-git/includes/controllers/allController.php</file>
            <file>file:/C:/wamp/www/debono-git/template/documentation.html</file>
        </group>
    </open-files>
</project-private>
